Name,Pfad,URL
"Cigla - Rustik - Red - Dimenzije.jpg","Cigla/Rustik/Red/Cigla - Rustik - Red - Dimenzije.jpg","https://yodddwoxxifcuawbmzop.supabase.co/storage/v1/object/public/product-images/Cigla/Rustik/Red/Cigla%20-%20Rustik%20-%20Red%20-%20Dimenzije.jpg"
"Cigla - Rustik - Red - Kvadrat - Dimenzije.jpg","Cigla/Rustik/Red/Cigla - Rustik - Red - Kvadrat - Dimenzije.jpg","https://yodddwoxxifcuawbmzop.supabase.co/storage/v1/object/public/product-images/Cigla/Rustik/Red/Cigla%20-%20Rustik%20-%20Red%20-%20Kvadrat%20-%20Dimenzije.jpg"
"Cigla - Rustik - Red - Kvadrat.jpg","Cigla/Rustik/Red/Cigla - Rustik - Red - Kvadrat.jpg","https://yodddwoxxifcuawbmzop.supabase.co/storage/v1/object/public/product-images/Cigla/Rustik/Red/Cigla%20-%20Rustik%20-%20Red%20-%20Kvadrat.jpg"
"Cigla - Rustik - Red.jpg","Cigla/Rustik/Red/Cigla - Rustik - Red.jpg","https://yodddwoxxifcuawbmzop.supabase.co/storage/v1/object/public/product-images/Cigla/Rustik/Red/Cigla%20-%20Rustik%20-%20Red.jpg"
"Cigla - Rustik - White - Dimenzije.jpg","Cigla/Rustik/White/Cigla - Rustik - White - Dimenzije.jpg","https://yodddwoxxifcuawbmzop.supabase.co/storage/v1/object/public/product-images/Cigla/Rustik/White/Cigla%20-%20Rustik%20-%20White%20-%20Dimenzije.jpg"
"Cigla - Rustik - White - Kvadrat - Dimenzije.jpg","Cigla/Rustik/White/Cigla - Rustik - White - Kvadrat - Dimenzije.jpg","https://yodddwoxxifcuawbmzop.supabase.co/storage/v1/object/public/product-images/Cigla/Rustik/White/Cigla%20-%20Rustik%20-%20White%20-%20Kvadrat%20-%20Dimenzije.jpg"
"Cigla - Rustik - White - Kvadrat.jpg","Cigla/Rustik/White/Cigla - Rustik - White - Kvadrat.jpg","https://yodddwoxxifcuawbmzop.supabase.co/storage/v1/object/public/product-images/Cigla/Rustik/White/Cigla%20-%20Rustik%20-%20White%20-%20Kvadrat.jpg"
"Cigla - Rustik - White.jpg","Cigla/Rustik/White/Cigla - Rustik - White.jpg","https://yodddwoxxifcuawbmzop.supabase.co/storage/v1/object/public/product-images/Cigla/Rustik/White/Cigla%20-%20Rustik%20-%20White.jpg"
"Dolomite - Anthracite I - Dimenzije.jpg","Dolomite/Anthracite/Dolomite - Anthracite I - Dimenzije.jpg","https://yodddwoxxifcuawbmzop.supabase.co/storage/v1/object/public/product-images/Dolomite/Anthracite/Dolomite%20-%20Anthracite%20I%20-%20Dimenzije.jpg"
"Dolomite - Anthracite I - Kvadrat - Dimenzije.jpg","Dolomite/Anthracite/Dolomite - Anthracite I - Kvadrat - Dimenzije.jpg","https://yodddwoxxifcuawbmzop.supabase.co/storage/v1/object/public/product-images/Dolomite/Anthracite/Dolomite%20-%20Anthracite%20I%20-%20Kvadrat%20-%20Dimenzije.jpg"
"Dolomite - Anthracite I - Kvadrat.jpg","Dolomite/Anthracite/Dolomite - Anthracite I - Kvadrat.jpg","https://yodddwoxxifcuawbmzop.supabase.co/storage/v1/object/public/product-images/Dolomite/Anthracite/Dolomite%20-%20Anthracite%20I%20-%20Kvadrat.jpg"
"Dolomite - Anthracite I.jpg","Dolomite/Anthracite/Dolomite - Anthracite I.jpg","https://yodddwoxxifcuawbmzop.supabase.co/storage/v1/object/public/product-images/Dolomite/Anthracite/Dolomite%20-%20Anthracite%20I.jpg"
"Dolomite - Anthracite II - Dimenzije.jpg","Dolomite/Anthracite/Dolomite - Anthracite II - Dimenzije.jpg","https://yodddwoxxifcuawbmzop.supabase.co/storage/v1/object/public/product-images/Dolomite/Anthracite/Dolomite%20-%20Anthracite%20II%20-%20Dimenzije.jpg"
"Dolomite - Anthracite II - Kvadrat - Dimenzije.jpg","Dolomite/Anthracite/Dolomite - Anthracite II - Kvadrat - Dimenzije.jpg","https://yodddwoxxifcuawbmzop.supabase.co/storage/v1/object/public/product-images/Dolomite/Anthracite/Dolomite%20-%20Anthracite%20II%20-%20Kvadrat%20-%20Dimenzije.jpg"
"Dolomite - Anthracite II - Kvadrat.jpg","Dolomite/Anthracite/Dolomite - Anthracite II - Kvadrat.jpg","https://yodddwoxxifcuawbmzop.supabase.co/storage/v1/object/public/product-images/Dolomite/Anthracite/Dolomite%20-%20Anthracite%20II%20-%20Kvadrat.jpg"
"Dolomite - Anthracite II.jpg","Dolomite/Anthracite/Dolomite - Anthracite II.jpg","https://yodddwoxxifcuawbmzop.supabase.co/storage/v1/object/public/product-images/Dolomite/Anthracite/Dolomite%20-%20Anthracite%20II.jpg"
"Dolomite - Anthracite III - Dimenzije.jpg","Dolomite/Anthracite/Dolomite - Anthracite III - Dimenzije.jpg","https://yodddwoxxifcuawbmzop.supabase.co/storage/v1/object/public/product-images/Dolomite/Anthracite/Dolomite%20-%20Anthracite%20III%20-%20Dimenzije.jpg"
"Dolomite - Anthracite III - Kvadrat - Dimenzije.jpg","Dolomite/Anthracite/Dolomite - Anthracite III - Kvadrat - Dimenzije.jpg","https://yodddwoxxifcuawbmzop.supabase.co/storage/v1/object/public/product-images/Dolomite/Anthracite/Dolomite%20-%20Anthracite%20III%20-%20Kvadrat%20-%20Dimenzije.jpg"
"Dolomite - Anthracite III - Kvadrat.jpg","Dolomite/Anthracite/Dolomite - Anthracite III - Kvadrat.jpg","https://yodddwoxxifcuawbmzop.supabase.co/storage/v1/object/public/product-images/Dolomite/Anthracite/Dolomite%20-%20Anthracite%20III%20-%20Kvadrat.jpg"
"Dolomite - Anthracite III.jpg","Dolomite/Anthracite/Dolomite - Anthracite III.jpg","https://yodddwoxxifcuawbmzop.supabase.co/storage/v1/object/public/product-images/Dolomite/Anthracite/Dolomite%20-%20Anthracite%20III.jpg"
"Dolomite - Brown I - Dimenzije.jpg","Dolomite/Brown/Dolomite - Brown I - Dimenzije.jpg","https://yodddwoxxifcuawbmzop.supabase.co/storage/v1/object/public/product-images/Dolomite/Brown/Dolomite%20-%20Brown%20I%20-%20Dimenzije.jpg"
"Dolomite - Brown I - Kvadrat - Dimenzije.jpg","Dolomite/Brown/Dolomite - Brown I - Kvadrat - Dimenzije.jpg","https://yodddwoxxifcuawbmzop.supabase.co/storage/v1/object/public/product-images/Dolomite/Brown/Dolomite%20-%20Brown%20I%20-%20Kvadrat%20-%20Dimenzije.jpg"
"Dolomite - Brown I - Kvadrat.jpg","Dolomite/Brown/Dolomite - Brown I - Kvadrat.jpg","https://yodddwoxxifcuawbmzop.supabase.co/storage/v1/object/public/product-images/Dolomite/Brown/Dolomite%20-%20Brown%20I%20-%20Kvadrat.jpg"
"Dolomite - Brown I.jpg","Dolomite/Brown/Dolomite - Brown I.jpg","https://yodddwoxxifcuawbmzop.supabase.co/storage/v1/object/public/product-images/Dolomite/Brown/Dolomite%20-%20Brown%20I.jpg"
"Dolomite - Brown II - Dimenzije.jpg","Dolomite/Brown/Dolomite - Brown II - Dimenzije.jpg","https://yodddwoxxifcuawbmzop.supabase.co/storage/v1/object/public/product-images/Dolomite/Brown/Dolomite%20-%20Brown%20II%20-%20Dimenzije.jpg"
"Dolomite - Brown II - Kvadrat - Dimenzije.jpg","Dolomite/Brown/Dolomite - Brown II - Kvadrat - Dimenzije.jpg","https://yodddwoxxifcuawbmzop.supabase.co/storage/v1/object/public/product-images/Dolomite/Brown/Dolomite%20-%20Brown%20II%20-%20Kvadrat%20-%20Dimenzije.jpg"
"Dolomite - Brown II - Kvadrat.jpg","Dolomite/Brown/Dolomite - Brown II - Kvadrat.jpg","https://yodddwoxxifcuawbmzop.supabase.co/storage/v1/object/public/product-images/Dolomite/Brown/Dolomite%20-%20Brown%20II%20-%20Kvadrat.jpg"
"Dolomite - Brown II.jpg","Dolomite/Brown/Dolomite - Brown II.jpg","https://yodddwoxxifcuawbmzop.supabase.co/storage/v1/object/public/product-images/Dolomite/Brown/Dolomite%20-%20Brown%20II.jpg"
"Dolomite - Brown III - Dimenzije.jpg","Dolomite/Brown/Dolomite - Brown III - Dimenzije.jpg","https://yodddwoxxifcuawbmzop.supabase.co/storage/v1/object/public/product-images/Dolomite/Brown/Dolomite%20-%20Brown%20III%20-%20Dimenzije.jpg"
"Dolomite - Brown III - Kvadrat - Dimenzije.jpg","Dolomite/Brown/Dolomite - Brown III - Kvadrat - Dimenzije.jpg","https://yodddwoxxifcuawbmzop.supabase.co/storage/v1/object/public/product-images/Dolomite/Brown/Dolomite%20-%20Brown%20III%20-%20Kvadrat%20-%20Dimenzije.jpg"
"Dolomite - Brown III - Kvadrat.jpg","Dolomite/Brown/Dolomite - Brown III - Kvadrat.jpg","https://yodddwoxxifcuawbmzop.supabase.co/storage/v1/object/public/product-images/Dolomite/Brown/Dolomite%20-%20Brown%20III%20-%20Kvadrat.jpg"
"Dolomite - Brown III.jpg","Dolomite/Brown/Dolomite - Brown III.jpg","https://yodddwoxxifcuawbmzop.supabase.co/storage/v1/object/public/product-images/Dolomite/Brown/Dolomite%20-%20Brown%20III.jpg"
"Dolomite - Coffee I - Dimenzije.jpg","Dolomite/Coffee/Dolomite - Coffee I - Dimenzije.jpg","https://yodddwoxxifcuawbmzop.supabase.co/storage/v1/object/public/product-images/Dolomite/Coffee/Dolomite%20-%20Coffee%20I%20-%20Dimenzije.jpg"
"Dolomite - Coffee I - Kvadrat - Dimenzije.jpg","Dolomite/Coffee/Dolomite - Coffee I - Kvadrat - Dimenzije.jpg","https://yodddwoxxifcuawbmzop.supabase.co/storage/v1/object/public/product-images/Dolomite/Coffee/Dolomite%20-%20Coffee%20I%20-%20Kvadrat%20-%20Dimenzije.jpg"
"Dolomite - Coffee I - Kvadrat.jpg","Dolomite/Coffee/Dolomite - Coffee I - Kvadrat.jpg","https://yodddwoxxifcuawbmzop.supabase.co/storage/v1/object/public/product-images/Dolomite/Coffee/Dolomite%20-%20Coffee%20I%20-%20Kvadrat.jpg"
"Dolomite - Coffee I.jpg","Dolomite/Coffee/Dolomite - Coffee I.jpg","https://yodddwoxxifcuawbmzop.supabase.co/storage/v1/object/public/product-images/Dolomite/Coffee/Dolomite%20-%20Coffee%20I.jpg"
"Dolomite - Coffee II - Dimenzije.jpg","Dolomite/Coffee/Dolomite - Coffee II - Dimenzije.jpg","https://yodddwoxxifcuawbmzop.supabase.co/storage/v1/object/public/product-images/Dolomite/Coffee/Dolomite%20-%20Coffee%20II%20-%20Dimenzije.jpg"
"Dolomite - Coffee II - Kvadrat - Dimenzije.jpg","Dolomite/Coffee/Dolomite - Coffee II - Kvadrat - Dimenzije.jpg","https://yodddwoxxifcuawbmzop.supabase.co/storage/v1/object/public/product-images/Dolomite/Coffee/Dolomite%20-%20Coffee%20II%20-%20Kvadrat%20-%20Dimenzije.jpg"
"Dolomite - Coffee II - Kvadrat.jpg","Dolomite/Coffee/Dolomite - Coffee II - Kvadrat.jpg","https://yodddwoxxifcuawbmzop.supabase.co/storage/v1/object/public/product-images/Dolomite/Coffee/Dolomite%20-%20Coffee%20II%20-%20Kvadrat.jpg"
"Dolomite - Coffee II.jpg","Dolomite/Coffee/Dolomite - Coffee II.jpg","https://yodddwoxxifcuawbmzop.supabase.co/storage/v1/object/public/product-images/Dolomite/Coffee/Dolomite%20-%20Coffee%20II.jpg"
"Dolomite - Coffee III - Dimenzije.jpg","Dolomite/Coffee/Dolomite - Coffee III - Dimenzije.jpg","https://yodddwoxxifcuawbmzop.supabase.co/storage/v1/object/public/product-images/Dolomite/Coffee/Dolomite%20-%20Coffee%20III%20-%20Dimenzije.jpg"
"Dolomite - Coffee III - Kvadrat - Dimenzije.jpg","Dolomite/Coffee/Dolomite - Coffee III - Kvadrat - Dimenzije.jpg","https://yodddwoxxifcuawbmzop.supabase.co/storage/v1/object/public/product-images/Dolomite/Coffee/Dolomite%20-%20Coffee%20III%20-%20Kvadrat%20-%20Dimenzije.jpg"
"Dolomite - Coffee III - Kvadrat.jpg","Dolomite/Coffee/Dolomite - Coffee III - Kvadrat.jpg","https://yodddwoxxifcuawbmzop.supabase.co/storage/v1/object/public/product-images/Dolomite/Coffee/Dolomite%20-%20Coffee%20III%20-%20Kvadrat.jpg"
"Dolomite - Coffee III.jpg","Dolomite/Coffee/Dolomite - Coffee III.jpg","https://yodddwoxxifcuawbmzop.supabase.co/storage/v1/object/public/product-images/Dolomite/Coffee/Dolomite%20-%20Coffee%20III.jpg"
"Dolomite - Grey I - Dimenzije.jpg","Dolomite/Grey/Dolomite - Grey I - Dimenzije.jpg","https://yodddwoxxifcuawbmzop.supabase.co/storage/v1/object/public/product-images/Dolomite/Grey/Dolomite%20-%20Grey%20I%20-%20Dimenzije.jpg"
"Dolomite - Grey I - Kvadrat - Dimenzije.jpg","Dolomite/Grey/Dolomite - Grey I - Kvadrat - Dimenzije.jpg","https://yodddwoxxifcuawbmzop.supabase.co/storage/v1/object/public/product-images/Dolomite/Grey/Dolomite%20-%20Grey%20I%20-%20Kvadrat%20-%20Dimenzije.jpg"
"Dolomite - Grey I - Kvadrat.jpg","Dolomite/Grey/Dolomite - Grey I - Kvadrat.jpg","https://yodddwoxxifcuawbmzop.supabase.co/storage/v1/object/public/product-images/Dolomite/Grey/Dolomite%20-%20Grey%20I%20-%20Kvadrat.jpg"
"Dolomite - Grey I.jpg","Dolomite/Grey/Dolomite - Grey I.jpg","https://yodddwoxxifcuawbmzop.supabase.co/storage/v1/object/public/product-images/Dolomite/Grey/Dolomite%20-%20Grey%20I.jpg"
"Dolomite - Grey II - Dimenzije.jpg","Dolomite/Grey/Dolomite - Grey II - Dimenzije.jpg","https://yodddwoxxifcuawbmzop.supabase.co/storage/v1/object/public/product-images/Dolomite/Grey/Dolomite%20-%20Grey%20II%20-%20Dimenzije.jpg"
"Dolomite - Grey II - Kvadrat - Dimenzije.jpg","Dolomite/Grey/Dolomite - Grey II - Kvadrat - Dimenzije.jpg","https://yodddwoxxifcuawbmzop.supabase.co/storage/v1/object/public/product-images/Dolomite/Grey/Dolomite%20-%20Grey%20II%20-%20Kvadrat%20-%20Dimenzije.jpg"
"Dolomite - Grey II - Kvadrat.jpg","Dolomite/Grey/Dolomite - Grey II - Kvadrat.jpg","https://yodddwoxxifcuawbmzop.supabase.co/storage/v1/object/public/product-images/Dolomite/Grey/Dolomite%20-%20Grey%20II%20-%20Kvadrat.jpg"
"Dolomite - Grey II.jpg","Dolomite/Grey/Dolomite - Grey II.jpg","https://yodddwoxxifcuawbmzop.supabase.co/storage/v1/object/public/product-images/Dolomite/Grey/Dolomite%20-%20Grey%20II.jpg"
"Dolomite - Grey III - Dimenzije.jpg","Dolomite/Grey/Dolomite - Grey III - Dimenzije.jpg","https://yodddwoxxifcuawbmzop.supabase.co/storage/v1/object/public/product-images/Dolomite/Grey/Dolomite%20-%20Grey%20III%20-%20Dimenzije.jpg"
"Dolomite - Grey III - Kvadrat - Dimenzije.jpg","Dolomite/Grey/Dolomite - Grey III - Kvadrat - Dimenzije.jpg","https://yodddwoxxifcuawbmzop.supabase.co/storage/v1/object/public/product-images/Dolomite/Grey/Dolomite%20-%20Grey%20III%20-%20Kvadrat%20-%20Dimenzije.jpg"
"Dolomite - Grey III - Kvadrat.jpg","Dolomite/Grey/Dolomite - Grey III - Kvadrat.jpg","https://yodddwoxxifcuawbmzop.supabase.co/storage/v1/object/public/product-images/Dolomite/Grey/Dolomite%20-%20Grey%20III%20-%20Kvadrat.jpg"
"Dolomite - Grey III.jpg","Dolomite/Grey/Dolomite - Grey III.jpg","https://yodddwoxxifcuawbmzop.supabase.co/storage/v1/object/public/product-images/Dolomite/Grey/Dolomite%20-%20Grey%20III.jpg"
"Dolomite - White I - Dimenzije.jpg","Dolomite/White/Dolomite - White I - Dimenzije.jpg","https://yodddwoxxifcuawbmzop.supabase.co/storage/v1/object/public/product-images/Dolomite/White/Dolomite%20-%20White%20I%20-%20Dimenzije.jpg"
"Dolomite - White I - Kvadrat - Dimenzije.jpg","Dolomite/White/Dolomite - White I - Kvadrat - Dimenzije.jpg","https://yodddwoxxifcuawbmzop.supabase.co/storage/v1/object/public/product-images/Dolomite/White/Dolomite%20-%20White%20I%20-%20Kvadrat%20-%20Dimenzije.jpg"
"Dolomite - White I - Kvadrat.jpg","Dolomite/White/Dolomite - White I - Kvadrat.jpg","https://yodddwoxxifcuawbmzop.supabase.co/storage/v1/object/public/product-images/Dolomite/White/Dolomite%20-%20White%20I%20-%20Kvadrat.jpg"
"Dolomite - White I.jpg","Dolomite/White/Dolomite - White I.jpg","https://yodddwoxxifcuawbmzop.supabase.co/storage/v1/object/public/product-images/Dolomite/White/Dolomite%20-%20White%20I.jpg"
"Dolomite - White II - Dimenzije.jpg","Dolomite/White/Dolomite - White II - Dimenzije.jpg","https://yodddwoxxifcuawbmzop.supabase.co/storage/v1/object/public/product-images/Dolomite/White/Dolomite%20-%20White%20II%20-%20Dimenzije.jpg"
"Dolomite - White II - Kvadrat - Dimenzije.jpg","Dolomite/White/Dolomite - White II - Kvadrat - Dimenzije.jpg","https://yodddwoxxifcuawbmzop.supabase.co/storage/v1/object/public/product-images/Dolomite/White/Dolomite%20-%20White%20II%20-%20Kvadrat%20-%20Dimenzije.jpg"
"Dolomite - White II - Kvadrat.jpg","Dolomite/White/Dolomite - White II - Kvadrat.jpg","https://yodddwoxxifcuawbmzop.supabase.co/storage/v1/object/public/product-images/Dolomite/White/Dolomite%20-%20White%20II%20-%20Kvadrat.jpg"
"Dolomite - White II.jpg","Dolomite/White/Dolomite - White II.jpg","https://yodddwoxxifcuawbmzop.supabase.co/storage/v1/object/public/product-images/Dolomite/White/Dolomite%20-%20White%20II.jpg"
"Dolomite - White III - Dimenzije.jpg","Dolomite/White/Dolomite - White III - Dimenzije.jpg","https://yodddwoxxifcuawbmzop.supabase.co/storage/v1/object/public/product-images/Dolomite/White/Dolomite%20-%20White%20III%20-%20Dimenzije.jpg"
"Dolomite - White III - Kvadrat - Dimenzije.jpg","Dolomite/White/Dolomite - White III - Kvadrat - Dimenzije.jpg","https://yodddwoxxifcuawbmzop.supabase.co/storage/v1/object/public/product-images/Dolomite/White/Dolomite%20-%20White%20III%20-%20Kvadrat%20-%20Dimenzije.jpg"
"Dolomite - White III - Kvadrat.jpg","Dolomite/White/Dolomite - White III - Kvadrat.jpg","https://yodddwoxxifcuawbmzop.supabase.co/storage/v1/object/public/product-images/Dolomite/White/Dolomite%20-%20White%20III%20-%20Kvadrat.jpg"
"Dolomite - White III.jpg","Dolomite/White/Dolomite - White III.jpg","https://yodddwoxxifcuawbmzop.supabase.co/storage/v1/object/public/product-images/Dolomite/White/Dolomite%20-%20White%20III.jpg"
"Kamen - Anthracite - Dimenzije.jpg","Kamen/Anthracite/Kamen - Anthracite - Dimenzije.jpg","https://yodddwoxxifcuawbmzop.supabase.co/storage/v1/object/public/product-images/Kamen/Anthracite/Kamen%20-%20Anthracite%20-%20Dimenzije.jpg"
"Kamen - Anthracite - Kvadrat - Dimenzije.jpg","Kamen/Anthracite/Kamen - Anthracite - Kvadrat - Dimenzije.jpg","https://yodddwoxxifcuawbmzop.supabase.co/storage/v1/object/public/product-images/Kamen/Anthracite/Kamen%20-%20Anthracite%20-%20Kvadrat%20-%20Dimenzije.jpg"
"Kamen - Anthracite - Kvadrat.jpg","Kamen/Anthracite/Kamen - Anthracite - Kvadrat.jpg","https://yodddwoxxifcuawbmzop.supabase.co/storage/v1/object/public/product-images/Kamen/Anthracite/Kamen%20-%20Anthracite%20-%20Kvadrat.jpg"
"Kamen - Anthracite.jpg","Kamen/Anthracite/Kamen - Anthracite.jpg","https://yodddwoxxifcuawbmzop.supabase.co/storage/v1/object/public/product-images/Kamen/Anthracite/Kamen%20-%20Anthracite.jpg"
"Kamen - White - Dimenzije.jpg","Kamen/White/Kamen - White - Dimenzije.jpg","https://yodddwoxxifcuawbmzop.supabase.co/storage/v1/object/public/product-images/Kamen/White/Kamen%20-%20White%20-%20Dimenzije.jpg"
"Kamen - White - Kvadrat - Dimenzije.jpg","Kamen/White/Kamen - White - Kvadrat - Dimenzije.jpg","https://yodddwoxxifcuawbmzop.supabase.co/storage/v1/object/public/product-images/Kamen/White/Kamen%20-%20White%20-%20Kvadrat%20-%20Dimenzije.jpg"
"Kamen - White - Kvadrat.jpg","Kamen/White/Kamen - White - Kvadrat.jpg","https://yodddwoxxifcuawbmzop.supabase.co/storage/v1/object/public/product-images/Kamen/White/Kamen%20-%20White%20-%20Kvadrat.jpg"
"Kamen - White.jpg","Kamen/White/Kamen - White.jpg","https://yodddwoxxifcuawbmzop.supabase.co/storage/v1/object/public/product-images/Kamen/White/Kamen%20-%20White.jpg"
"pozadina.jpg","Page/About/Hero/pozadina.jpg","https://yodddwoxxifcuawbmzop.supabase.co/storage/v1/object/public/product-images/Page/About/Hero/pozadina.jpg"
"radionica.jpg","Page/About/Hero/radionica.jpg","https://yodddwoxxifcuawbmzop.supabase.co/storage/v1/object/public/product-images/Page/About/Hero/radionica.jpg"
"asortiman.jpg","Page/About/History/asortiman.jpg","https://yodddwoxxifcuawbmzop.supabase.co/storage/v1/object/public/product-images/Page/About/History/asortiman.jpg"
"danas.jpg","Page/About/History/danas.jpg","https://yodddwoxxifcuawbmzop.supabase.co/storage/v1/object/public/product-images/Page/About/History/danas.jpg"
"osnivanje.jpg","Page/About/History/osnivanje.jpg","https://yodddwoxxifcuawbmzop.supabase.co/storage/v1/object/public/product-images/Page/About/History/osnivanje.jpg"
"partnerstva.jpg","Page/About/History/partnerstva.jpg","https://yodddwoxxifcuawbmzop.supabase.co/storage/v1/object/public/product-images/Page/About/History/partnerstva.jpg"
"radionica iii.jpg","Page/About/Production/radionica iii.jpg","https://yodddwoxxifcuawbmzop.supabase.co/storage/v1/object/public/product-images/Page/About/Production/radionica%20iii.jpg"
"proizvodni proces.jpg","Page/About/Values/proizvodni proces.jpg","https://yodddwoxxifcuawbmzop.supabase.co/storage/v1/object/public/product-images/Page/About/Values/proizvodni%20proces.jpg"
"radni prostor.jpg","Page/About/Values/radni prostor.jpg","https://yodddwoxxifcuawbmzop.supabase.co/storage/v1/object/public/product-images/Page/About/Values/radni%20prostor.jpg"
"stambeni prostor.jpg","Page/About/Values/stambeni prostor.jpg","https://yodddwoxxifcuawbmzop.supabase.co/storage/v1/object/public/product-images/Page/About/Values/stambeni%20prostor.jpg"
"radionica ii.jpg","Page/About/Vision/radionica ii.jpg","https://yodddwoxxifcuawbmzop.supabase.co/storage/v1/object/public/product-images/Page/About/Vision/radionica%20ii.jpg"
"background contact.jpg","Page/Contact/Hero/background contact.jpg","https://yodddwoxxifcuawbmzop.supabase.co/storage/v1/object/public/product-images/Page/Contact/Hero/background%20contact.jpg"
"products.png","Page/Homepage/About/products.png","https://yodddwoxxifcuawbmzop.supabase.co/storage/v1/object/public/product-images/Page/Homepage/About/products.png"
"poslovni-prostor.jpg","Page/Homepage/Projects/poslovni-prostor.jpg","https://yodddwoxxifcuawbmzop.supabase.co/storage/v1/object/public/product-images/Page/Homepage/Projects/poslovni-prostor.jpg"
"stambeni-prostor.jpg","Page/Homepage/Projects/stambeni-prostor.jpg","https://yodddwoxxifcuawbmzop.supabase.co/storage/v1/object/public/product-images/Page/Homepage/Projects/stambeni-prostor.jpg"
"ugostiteljski-prostor.jpg","Page/Homepage/Projects/ugostiteljski-prostor.jpg","https://yodddwoxxifcuawbmzop.supabase.co/storage/v1/object/public/product-images/Page/Homepage/Projects/ugostiteljski-prostor.jpg"
"ana-jovanovic.jpg","Page/Homepage/Testimonials/ana-jovanovic.jpg","https://yodddwoxxifcuawbmzop.supabase.co/storage/v1/object/public/product-images/Page/Homepage/Testimonials/ana-jovanovic.jpg"
"marko-nikolic.jpg","Page/Homepage/Testimonials/marko-nikolic.jpg","https://yodddwoxxifcuawbmzop.supabase.co/storage/v1/object/public/product-images/Page/Homepage/Testimonials/marko-nikolic.jpg"
"stefan-petrovic.jpg","Page/Homepage/Testimonials/stefan-petrovic.jpg","https://yodddwoxxifcuawbmzop.supabase.co/storage/v1/object/public/product-images/Page/Homepage/Testimonials/stefan-petrovic.jpg"
"posebno.jpg","Page/Products/Categories/posebno.jpg","https://yodddwoxxifcuawbmzop.supabase.co/storage/v1/object/public/product-images/Page/Products/Categories/posebno.jpg"
"ugaoni elementi iiii.jpg","Page/Products/Categories/ugaoni elementi iiii.jpg","https://yodddwoxxifcuawbmzop.supabase.co/storage/v1/object/public/product-images/Page/Products/Categories/ugaoni%20elementi%20iiii.jpg"
"pozadina ii.jpg","Page/Products/Hero/pozadina ii.jpg","https://yodddwoxxifcuawbmzop.supabase.co/storage/v1/object/public/product-images/Page/Products/Hero/pozadina%20ii.jpg"
"alat.jpg","Page/Products/Installation/alat.jpg","https://yodddwoxxifcuawbmzop.supabase.co/storage/v1/object/public/product-images/Page/Products/Installation/alat.jpg"
"proces ugradnje.jpg","Page/Products/Installation/proces ugradnje.jpg","https://yodddwoxxifcuawbmzop.supabase.co/storage/v1/object/public/product-images/Page/Products/Installation/proces%20ugradnje.jpg"
"cement.jpg","Page/Products/Material/cement.jpg","https://yodddwoxxifcuawbmzop.supabase.co/storage/v1/object/public/product-images/Page/Products/Material/cement.jpg"
"eksterijer.jpg","Page/Products/Material/eksterijer.jpg","https://yodddwoxxifcuawbmzop.supabase.co/storage/v1/object/public/product-images/Page/Products/Material/eksterijer.jpg"
"enterijer.jpg","Page/Products/Material/enterijer.jpg","https://yodddwoxxifcuawbmzop.supabase.co/storage/v1/object/public/product-images/Page/Products/Material/enterijer.jpg"
"kamin.jpg","Page/Products/Material/kamin.jpg","https://yodddwoxxifcuawbmzop.supabase.co/storage/v1/object/public/product-images/Page/Products/Material/kamin.jpg"
"stubovi.jpg","Page/Products/Material/stubovi.jpg","https://yodddwoxxifcuawbmzop.supabase.co/storage/v1/object/public/product-images/Page/Products/Material/stubovi.jpg"
"01.png","Page/References/Clients/01.png","https://yodddwoxxifcuawbmzop.supabase.co/storage/v1/object/public/product-images/Page/References/Clients/01.png"
"02.png","Page/References/Clients/02.png","https://yodddwoxxifcuawbmzop.supabase.co/storage/v1/object/public/product-images/Page/References/Clients/02.png"
"03.png","Page/References/Clients/03.png","https://yodddwoxxifcuawbmzop.supabase.co/storage/v1/object/public/product-images/Page/References/Clients/03.png"
"04.png","Page/References/Clients/04.png","https://yodddwoxxifcuawbmzop.supabase.co/storage/v1/object/public/product-images/Page/References/Clients/04.png"
"hero.jpg","Page/References/Hero/hero.jpg","https://yodddwoxxifcuawbmzop.supabase.co/storage/v1/object/public/product-images/Page/References/Hero/hero.jpg"